config,filters,kernels,dropout,lr,weight_decay,batch_size,test_run,accuracy,macro_f1,best_epoch
32-64-128 | k=7-5-3 | d=0.3 | lr=1e-3,"[32, 64, 128]","[7, 5, 3]",0.3,0.001,0.0001,64,Run1,0.9743589743589743,0.9543625773133971,35
32-64-128 | k=7-5-3 | d=0.3 | lr=1e-3,"[32, 64, 128]","[7, 5, 3]",0.3,0.001,0.0001,64,Run2,0.9180327868852459,0.8963317818709976,50
32-64-128 | k=7-5-3 | d=0.3 | lr=1e-3,"[32, 64, 128]","[7, 5, 3]",0.3,0.001,0.0001,64,Run3,0.8635014836795252,0.8526838326035113,42
32-64-128 | k=7-5-3 | d=0.3 | lr=1e-3,"[32, 64, 128]","[7, 5, 3]",0.3,0.001,0.0001,64,Run4,0.8791469194312796,0.7804709364841677,22
32-64-128 | k=7-5-3 | d=0.3 | lr=1e-3,"[32, 64, 128]","[7, 5, 3]",0.3,0.001,0.0001,64,Run5,0.8395061728395061,0.8277528583341969,29
64-128-256 | k=7-5-3 | d=0.3 | lr=1e-3,"[64, 128, 256]","[7, 5, 3]",0.3,0.001,0.0001,64,Run1,0.9641025641025641,0.9367457344985435,32
64-128-256 | k=7-5-3 | d=0.3 | lr=1e-3,"[64, 128, 256]","[7, 5, 3]",0.3,0.001,0.0001,64,Run2,0.9311475409836065,0.9137432435450729,78
64-128-256 | k=7-5-3 | d=0.3 | lr=1e-3,"[64, 128, 256]","[7, 5, 3]",0.3,0.001,0.0001,64,Run3,0.8724035608308606,0.8625412433683907,14
64-128-256 | k=7-5-3 | d=0.3 | lr=1e-3,"[64, 128, 256]","[7, 5, 3]",0.3,0.001,0.0001,64,Run4,0.8767772511848341,0.7854524866133819,12
64-128-256 | k=7-5-3 | d=0.3 | lr=1e-3,"[64, 128, 256]","[7, 5, 3]",0.3,0.001,0.0001,64,Run5,0.8240740740740741,0.8138605788830006,49
16-32-64 | k=7-5-3 | d=0.3 | lr=1e-3,"[16, 32, 64]","[7, 5, 3]",0.3,0.001,0.0001,64,Run1,0.9538461538461539,0.9213448529904226,42
16-32-64 | k=7-5-3 | d=0.3 | lr=1e-3,"[16, 32, 64]","[7, 5, 3]",0.3,0.001,0.0001,64,Run2,0.9180327868852459,0.8920292839970921,68
16-32-64 | k=7-5-3 | d=0.3 | lr=1e-3,"[16, 32, 64]","[7, 5, 3]",0.3,0.001,0.0001,64,Run3,0.8545994065281899,0.8458135929020587,10
16-32-64 | k=7-5-3 | d=0.3 | lr=1e-3,"[16, 32, 64]","[7, 5, 3]",0.3,0.001,0.0001,64,Run4,0.8744075829383886,0.7761367569778784,18
16-32-64 | k=7-5-3 | d=0.3 | lr=1e-3,"[16, 32, 64]","[7, 5, 3]",0.3,0.001,0.0001,64,Run5,0.8487654320987654,0.8369426398089496,34
32-64-128 | k=11-7-5 | d=0.3 | lr=1e-3,"[32, 64, 128]","[11, 7, 5]",0.3,0.001,0.0001,64,Run1,0.9846153846153847,0.9722981592855842,34
32-64-128 | k=11-7-5 | d=0.3 | lr=1e-3,"[32, 64, 128]","[11, 7, 5]",0.3,0.001,0.0001,64,Run2,0.9016393442622951,0.8753617489776659,32
32-64-128 | k=11-7-5 | d=0.3 | lr=1e-3,"[32, 64, 128]","[11, 7, 5]",0.3,0.001,0.0001,64,Run3,0.8813056379821959,0.873800213295414,41
32-64-128 | k=11-7-5 | d=0.3 | lr=1e-3,"[32, 64, 128]","[11, 7, 5]",0.3,0.001,0.0001,64,Run4,0.8601895734597157,0.7693109776443109,9
32-64-128 | k=11-7-5 | d=0.3 | lr=1e-3,"[32, 64, 128]","[11, 7, 5]",0.3,0.001,0.0001,64,Run5,0.8487654320987654,0.8325879354438003,20
32-64-128 | k=7-5-3 | d=0.5 | lr=1e-3,"[32, 64, 128]","[7, 5, 3]",0.5,0.001,0.0001,64,Run1,0.9846153846153847,0.9719298245614034,31
32-64-128 | k=7-5-3 | d=0.5 | lr=1e-3,"[32, 64, 128]","[7, 5, 3]",0.5,0.001,0.0001,64,Run2,0.9278688524590164,0.9073601662887377,50
32-64-128 | k=7-5-3 | d=0.5 | lr=1e-3,"[32, 64, 128]","[7, 5, 3]",0.5,0.001,0.0001,64,Run3,0.8516320474777448,0.8432255785196962,70
32-64-128 | k=7-5-3 | d=0.5 | lr=1e-3,"[32, 64, 128]","[7, 5, 3]",0.5,0.001,0.0001,64,Run4,0.8175355450236966,0.7273972352919721,26
32-64-128 | k=7-5-3 | d=0.5 | lr=1e-3,"[32, 64, 128]","[7, 5, 3]",0.5,0.001,0.0001,64,Run5,0.8487654320987654,0.8352998061925293,41
32-64-128 | k=7-5-3 | d=0.3 | lr=5e-4,"[32, 64, 128]","[7, 5, 3]",0.3,0.0005,0.0001,64,Run1,0.958974358974359,0.9290594800598884,35
32-64-128 | k=7-5-3 | d=0.3 | lr=5e-4,"[32, 64, 128]","[7, 5, 3]",0.3,0.0005,0.0001,64,Run2,0.9147540983606557,0.8914650894914052,48
32-64-128 | k=7-5-3 | d=0.3 | lr=5e-4,"[32, 64, 128]","[7, 5, 3]",0.3,0.0005,0.0001,64,Run3,0.8486646884272997,0.8403615121789926,34
32-64-128 | k=7-5-3 | d=0.3 | lr=5e-4,"[32, 64, 128]","[7, 5, 3]",0.3,0.0005,0.0001,64,Run4,0.8933649289099526,0.8017307265977421,33
32-64-128 | k=7-5-3 | d=0.3 | lr=5e-4,"[32, 64, 128]","[7, 5, 3]",0.3,0.0005,0.0001,64,Run5,0.8395061728395061,0.8271282670641108,32
32-64-128 | k=7-5-3 | d=0.3 | lr=1e-3 | wd=1e-3,"[32, 64, 128]","[7, 5, 3]",0.3,0.001,0.001,64,Run1,0.9743589743589743,0.9538302654759736,66
32-64-128 | k=7-5-3 | d=0.3 | lr=1e-3 | wd=1e-3,"[32, 64, 128]","[7, 5, 3]",0.3,0.001,0.001,64,Run2,0.9180327868852459,0.8945818250678035,47
32-64-128 | k=7-5-3 | d=0.3 | lr=1e-3 | wd=1e-3,"[32, 64, 128]","[7, 5, 3]",0.3,0.001,0.001,64,Run3,0.8605341246290801,0.8480591918042117,16
32-64-128 | k=7-5-3 | d=0.3 | lr=1e-3 | wd=1e-3,"[32, 64, 128]","[7, 5, 3]",0.3,0.001,0.001,64,Run4,0.7819905213270142,0.6867805173275795,17
32-64-128 | k=7-5-3 | d=0.3 | lr=1e-3 | wd=1e-3,"[32, 64, 128]","[7, 5, 3]",0.3,0.001,0.001,64,Run5,0.8672839506172839,0.8543875271602679,40
32-64-128 | k=7-5-3 | d=0.3 | lr=1e-3 | bs=32,"[32, 64, 128]","[7, 5, 3]",0.3,0.001,0.0001,32,Run1,0.9692307692307692,0.9455197132616489,62
32-64-128 | k=7-5-3 | d=0.3 | lr=1e-3 | bs=32,"[32, 64, 128]","[7, 5, 3]",0.3,0.001,0.0001,32,Run2,0.9245901639344263,0.9080070360154994,66
32-64-128 | k=7-5-3 | d=0.3 | lr=1e-3 | bs=32,"[32, 64, 128]","[7, 5, 3]",0.3,0.001,0.0001,32,Run3,0.8753709198813057,0.8660618038088393,34
32-64-128 | k=7-5-3 | d=0.3 | lr=1e-3 | bs=32,"[32, 64, 128]","[7, 5, 3]",0.3,0.001,0.0001,32,Run4,0.8672985781990521,0.7740169951141969,14
32-64-128 | k=7-5-3 | d=0.3 | lr=1e-3 | bs=32,"[32, 64, 128]","[7, 5, 3]",0.3,0.001,0.0001,32,Run5,0.8672839506172839,0.8582465239217575,53
